classification	chromosome	start	end	gene	region	mean_m_percent	mean_p_percent	mean_m_p_percent	corrected_p_value	ranking_according_to_mean_m_p	trimester
Candidate mDMR	chr1	7318834	7319822	CAMTA1	Gene body	72.9213049166667	31.8284243654762	41.0928805511905	8.80386866196523e-5	212	First
Candidate mDMR	chr1	21755277	21756369	-	-	89.201551315	28.357595975	60.84395534	1.42477130238407e-15	63	First
Candidate mDMR	chr1	24861275	24861848	RCAN3	Gene body	67.73809522	7.5	60.23809522	3.1254729042956e-5	66	First
Candidate mDMR	chr1	42383126	42384158	HIVEP3	Promoter	57.5858025953016	6.73857206285714	50.8472305324444	5.42564914878739e-22	112	First
Candidate mDMR	chr1	47801036	47801679	CMPK1	Gene body	63.1231938270187	25.5032589086956	37.619934918323	4.77078513283937e-5	255	First
Candidate mDMR	chr1	86575328	86576300	COL24A1	Gene body	74.20671486875	33.0595334125	41.14718145625	4.07622812072686e-6	211	First
Candidate mDMR	chr1	86619699	86621676	COL24A1	Promoter	65.5832142768201	34.5159519584501	31.06726231837	3.01352748157874e-12	371	First
Candidate mDMR	chr1	155219741	155220223	FAM189B	Gene body	64.4711474066667	33.64979072	30.8213566866667	0.00857414160092794	377	First
Candidate mDMR	chr1	179554452	179555459	-	-	81.2276312142857	7.18886247142857	74.0387687428571	2.23204805227347e-22	25	First
Candidate mDMR	chr1	180922886	180923623	-	-	76.2840997169386	37.895585894043	38.3885138228956	3.5405991749279e-6	243	First
Candidate mDMR	chr1	181286841	181288289	-	-	55.100911037619	17.9555318524868	37.1453791851323	4.95410268156202e-18	265	First
Candidate mDMR	chr1	185022676	185023974	RNF2	Gene body	96.6464292857143	20.4778844	76.1685448857143	1.83733310757399e-14	22	First
Candidate mDMR	chr1	203044288	203045671	PPFIA4	Gene body	59.3595751545498	23.9344078719592	35.4251672825906	3.63695542559379e-15	297	First
Candidate mDMR	chr1	209848214	209849140	G0S2	Promoter	56.3974528083572	10.4164755720397	45.9809772363175	3.83491224652825e-30	157	First
Candidate mDMR	chr1	210225144	210228076	SYT14	Gene body	65.66778465	0	65.66778465	3.17321031632665e-5	51	First
Candidate mDMR	chr1	214360697	214361551	-	-	64.5473051408266	27.394473971875	37.1528311689516	1.52701857141394e-8	264	First
Candidate mDMR	chr1	228464242	228464714	OBSCN	Gene body	62.8326259290278	29.8893034753472	32.9433224536806	5.1550444361137e-8	337	First
Candidate mDMR	chr2	1285672	1287635	SNTG2	Gene body	65.6806780388889	34.8537563322222	30.8269217066667	5.46477258693969e-4	376	First
Candidate mDMR	chr2	1425185	1426892	TPO	Gene body	79.9059835108333	42.6895965664103	37.2163869444231	3.76811278087359e-5	263	First
Candidate mDMR	chr2	1479184	1482103	TPO	Gene body	87.4058787477634	41.532011674933	45.8738670728304	4.89529667773423e-32	159	First
Candidate mDMR	chr2	1543221	1544633	TPO	Gene body	67.5639109655506	25.2182247481696	42.345686217381	2.35410269480657e-10	194	First
Candidate mDMR	chr2	3990283	3990656	-	-	92.8324915555556	42.2976190444444	50.5348725111111	7.12612584142973e-6	115	First
Candidate mDMR	chr2	4183247	4185254	-	-	72.1415004666667	25.90030745	46.2411930166667	0.00110313483754364	153	First
Candidate mDMR	chr2	7229981	7230827	-	-	60.1303501571429	23.7436935571429	36.3866566	2.00367768669409e-6	279	First
Candidate mDMR	chr2	11732753	11733270	GREB1	Gene body	77.6905069057143	28.1435313642857	49.5469755414286	2.11572688753688e-7	122	First
Candidate mDMR	chr2	23546251	23547787	-	-	61.2386054663636	30.244276400303	30.9943290660606	0.00268246825167278	372	First
Candidate mDMR	chr2	27485031	27487981	SLC30A3	Promoter	49.9539924866667	11.1749408	38.7790516866667	5.15471442213853e-9	238	First
Candidate mDMR	chr2	30040532	30041955	ALK	Gene body	58.78142561	28.12588801	30.6555376	0.00117985801874784	378	First
Candidate mDMR	chr2	30981462	30983495	CAPN13	Gene body	54.8767017494457	23.6095776282705	31.2671241211752	3.87742372489218e-6	364	First
Candidate mDMR	chr2	34044359	34045821	LINC01317	Gene body	80.0159562833333	22.5144300333333	57.50152625	1.29344573937212e-5	72	First
Candidate mDMR	chr2	35615146	35617989	-	-	75.62142505	15.83628505	59.78514	1.86656175786702e-7	67	First
Candidate mDMR	chr2	36920517	36920828	-	-	88.5160121	50.4417079	38.0743042	7.29306817500844e-4	248	First
Candidate mDMR	chr2	41034926	41036460	-	-	69.4490739827068	21.8927757157894	47.5562982669173	2.06740360362823e-9	138	First
Candidate mDMR	chr2	46655923	46657272	LOC101805491	Promoter	91.2239312352941	3.15181994705882	88.0721112882353	3.779789242267e-18	4	First
Candidate mDMR	chr2	51808648	51809378	-	-	81.6635280285714	36.8333951428571	44.8301328857143	2.7684203083135e-4	172	First
Candidate mDMR	chr2	74346434	74347558	-	-	54.8500806791209	4.02389652774725	50.8261841513736	1.31226649815461e-16	113	First
Candidate mDMR	chr2	78829646	78830249	-	-	56.6666666714286	25.5952381	31.0714285714286	0.0221264352929903	370	First
Candidate mDMR	chr2	81421173	81422314	-	-	82.3090826923077	42.391597874359	39.9174848179487	8.92973777824285e-10	224	First
Candidate mDMR	chr2	81637932	81639921	-	-	72.5774225857143	33.6383574571429	38.9390651285714	0.00461219942750483	234	First
Candidate mDMR	chr2	115153781	115154961	-	-	69.1442181	33.1341991363636	36.0100189636364	0.00325314145506601	285	First
Candidate mDMR	chr2	133402927	133403188	LYPD1, GPR39	Gene body	88.03030302	32.85714286	55.17316016	0.0120890725066073	89	First
Candidate mDMR	chr2	137521072	137525405	-	-	71.2779905906326	25.5010900386682	45.7769005519644	5.09150138320791e-51	162	First
Candidate mDMR	chr2	137814024	137816248	THSD7B	Gene body	73.4268607029412	37.510577595098	35.9162831078431	1.15661760214056e-5	288	First
Candidate mDMR	chr2	142417825	142418618	LRP1B	Gene body	75.8469932166666	43.981536225	31.8654569916666	5.70308195606436e-4	356	First
Candidate mDMR	chr2	147646218	147647756	-	-	49.0740740777778	0	49.0740740777778	9.26497007805775e-8	123	First
Candidate mDMR	chr2	149866706	149867791	KIF5C	Gene body	78.0165359938697	34.0888036684163	43.9277323254534	5.58221674590686e-15	180	First
Candidate mDMR	chr2	171676742	171680255	GAD1	Gene body	61.1123956726394	30.7492484369675	30.363147235672	1.53586971094848e-25	383	First
Candidate mDMR	chr2	177039594	177040094	HAGLR	Gene body	63.8736149016667	22.5237613358333	41.3498535658333	1.22052512351739e-6	207	First
Candidate mDMR	chr2	177041720	177044007	HAGLROS, HAGLR	Promoter	43.6661755808776	7.23303284808374	36.4331427327939	7.50110833737729e-9	278	First
Candidate mDMR	chr2	191261509	191262957	-	-	62.435654625	22.65625	39.779404625	0.00302338674455401	225	First
Candidate mDMR	chr2	192700566	192701670	SDPR	Gene body	82.6931892	2.27527606153846	80.4179131384615	1.66333457854149e-17	12	First
Candidate mDMR	chr2	203001371	203002259	KIAA2012	Gene body	87.051678215	30.0441502966667	57.0075279183333	1.84525879237732e-14	75	First
Candidate mDMR	chr2	212565622	212566818	ERBB4	Gene body	59.4097695333333	21.1328500083333	38.276919525	1.99084392460593e-4	245	First
Candidate mDMR	chr2	216618952	216620402	LINC00607	Gene body	51.8333334	14	37.8333334	0.0394559530151809	251	First
Candidate mDMR	chr2	218013551	218014748	-	-	93.956044	25.3733765	68.5826675	2.07313723561433e-5	40	First
Candidate mDMR	chr2	218353972	218354518	DIRC3	Gene body	61.7761006142857	31.6768448642857	30.09925575	0.00254715353857763	388	First
Candidate mDMR	chr2	225904683	225907674	DOCK10	Promoter	48.0955083571429	14.9873546571429	33.1081537	1.41053051885767e-6	333	First
Candidate mDMR	chr2	229044673	229047194	SPHKAP	Promoter	71.9926562920063	23.760675124441	48.2319811675653	1.57448315241794e-35	132	First
Candidate mDMR	chr2	230390397	230391850	DNER	Gene body	68.839377554545493	38.4162486681818	30.4231288863636	9.84850089749781e-7	381	First
Candidate mDMR	chr2	239630469	239631802	-	-	84.5813545510416	47.9725129364583	36.6088416145834	2.78784427852708e-8	276	First
Candidate mDMR	chr2	241721112	241722113	KIF1A	Gene body	71.8501299747222	22.0630795744445	49.7870504002778	1.57964677457023e-9	121	First
Candidate mDMR	chr3	3002334	3002806	CNTN4	Gene body	74.5014244888889	41.1801774555556	33.3212470333333	0.00373932372798426	329	First
Candidate mDMR	chr3	8209877	8210554	-	-	63.9211358538462	31.3612450230769	32.5598908307692	5.92068098592288e-5	347	First
Candidate mDMR	chr3	27504162	27506728	SLC4A7	Gene body	95.3282828571429	8.97841894285714	86.3498639142857	2.14350815088478e-11	6	First
Candidate mDMR	chr3	49314135	49315408	C3orf62	Promoter	77.9711800666667	21.6890054444444	56.2821746222222	8.17983800957843e-6	78	First
Candidate mDMR	chr3	50377344	50378068	RASSF1	Promoter	70.0058275076923	33.2112332076923	36.7945943	1.65971806323506e-6	270	First
Candidate mDMR	chr3	63263775	63264917	SYNPR	Promoter	60.082364815873	28.8882643611111	31.1941004547619	2.45288280309159e-6	367	First
Candidate mDMR	chr3	73432415	73434254	PDZRN3	Gene body	87.4507287561769	53.2831295346583	34.1675992215186	1.2950912806779e-6	321	First
Candidate mDMR	chr3	77088856	77090778	ROBO2	Promoter	65.1289683333333	10.3174605	54.8115078333333	7.25260058475456e-4	92	First
Candidate mDMR	chr3	77147311	77149542	ROBO2	Promoter	64.2022792	17.3824786333333	46.8198005666667	0.0116009920550932	145	First
Candidate mDMR	chr3	113159943	113160816	CFAP44	Promoter	90.1394853503655	18.8995191561404	71.2399661942251	4.46559034532424e-35	33	First
Candidate mDMR	chr3	121556311	121559479	EAF2	Gene body	92.0020556	3.74057315	88.26148245	1.32322782164333e-24	3	First
Candidate mDMR	chr3	128336683	128337884	-	-	87.3937654545454	5.87350031212121	81.5202651424243	9.18175064145788e-14	10	First
Candidate mDMR	chr3	146180165	146181188	PLSCR2	Gene body	55.1164355181818	7.14271823636364	47.9737172818182	4.89818371805412e-10	136	First
Candidate mDMR	chr3	191336101	191336591	-	-	91.8970216	12.63157896	79.26544264	1.05844925156178e-7	14	First
Candidate mDMR	chr3	192125011	192127400	FGF12	Promoter	68.2332626472222	16.8738603	51.3594023472222	6.38361128741294e-13	107	First
Candidate mDMR	chr3	196755688	196756204	MFI2	Promoter	64.59046538125	7.4153611375	57.17510424375	3.61431861854434e-25	74	First
Candidate mDMR	chr4	4872895	4874172	-	-	76.4792046383117	37.6403622233766	38.8388424149351	3.05291977552749e-9	237	First
Candidate mDMR	chr4	11373753	11374448	-	-	87.6839826666667	49.9839743333333	37.7000083333333	0.00941896373363912	254	First
Candidate mDMR	chr4	12539348	12539941	-	-	80.3770516	42.95808488	37.41896672	6.56114845618198e-4	258	First
Candidate mDMR	chr4	21305649	21306346	KCNIP4	Promoter	66.9565856375662	23.743336400873	43.2132492366931	3.42410820137524e-14	189	First
Candidate mDMR	chr4	22118079	22120089	-	-	83.6534065714286	50.087535	33.5658715714286	0.0143510389293995	325	First
Candidate mDMR	chr4	24470057	24472427	-	-	65.2667352695192	8.61106150480768	56.6556737647115	4.31351653016968e-29	76	First
Candidate mDMR	chr4	62616291	62616696	ADGRL3	Gene body	80.96346881	48.25779727	32.70567154	0.0110175653050709	344	First
Candidate mDMR	chr4	93225593	93227195	GRID2	Promoter	69.8110399428571	3.57220271785715	66.238837225	2.36009876016344e-39	48	First
Candidate mDMR	chr4	111866402	111866975	-	-	86.477272725	10.2272727375	76.2499999875	2.74650299111231e-5	21	First
Candidate mDMR	chr4	118755940	118757291	-	-	70.2144474773333	37.9749386884444	32.2395087888889	3.52643120190344e-8	353	First
Candidate mDMR	chr4	139474147	139474897	-	-	84.742724325	40.9338469416667	43.8088773833333	1.92359306001761e-7	182	First
Candidate mDMR	chr4	154603792	154607367	TLR2	Promoter	72.1836573131652	33.2108133118487	38.9728440013165	6.01389738248684e-11	231	First
Candidate mDMR	chr4	154709302	154710873	SFRP2	Promoter	70.5659220871795	24.770645800641	45.7952762865385	7.44847919830315e-11	161	First
Candidate mDMR	chr4	154711512	154715508	-	-	59.7728134948087	19.2920940369013	40.4807194579073	3.18824821751714e-21	217	First
Candidate mDMR	chr4	154727434	154728007	-	-	78.3612135958334	47.1844114708334	31.176802125	0.00224680250141879	368	First
Candidate mDMR	chr4	165109331	165110223	MARCH1	Gene body	77.2380806791667	31.6875815395833	45.5504991395833	9.00752223569633e-19	164	First
Candidate mDMR	chr4	170703759	170708905	-	-	59.2547900954546	25.80312325	33.4516668454546	9.64318932638319e-5	327	First
Candidate mDMR	chr4	181466058	181467308	-	-	47.8217057772727	14.9557829792929	32.8659227979798	7.10137750878732e-5	340	First
Candidate mDMR	chr5	1593741	1594595	SDHAP3	Promoter	80.5787383058824	1.69165705294118	78.8870812529412	2.32989326091789e-25	16	First
Candidate mDMR	chr5	6822370	6823204	-	-	79.2039884125	43.876262625	35.3277257875	0.00791213702348511	298	First
Candidate mDMR	chr5	7077509	7078120	-	-	65.99340342	31.65120112	34.3422023	0.0364962797801857	318	First
Candidate mDMR	chr5	10649200	10651271	ANKRD33B	Gene body	77.37437515625	17.85087423125	59.523500925	3.29387713767015e-17	68	First
Candidate mDMR	chr5	60038178	60039819	-	-	49.0589394	16.4659091785714	32.5930302214286	1.65581406308957e-4	345	First
Candidate mDMR	chr5	60631817	60633915	ZSWIM6	Gene body	75.3557930555556	40.2242413777778	35.1315516777778	1.63510488667876e-6	301	First
Candidate mDMR	chr5	84158853	84160282	-	-	80.988400775	45.542806315	35.44559446	4.41251000947619e-7	296	First
Candidate mDMR	chr5	86567324	86568426	RASA1	Gene body	9.23076923333333	71.7236467166667	-62.4928774833333	9.77814798689237e-4	797	First
Candidate mDMR	chr5	117542190	117544480	LOC102467224	Gene body	90	24.62337664	65.37662336	0.00115253824893855	53	First
Candidate mDMR	chr5	135103684	135107846	-	-	64.0709663894737	24.0245009947368	40.0464653947368	1.32833342540317e-5	221	First
Candidate mDMR	chr5	139525411	139526149	-	-	82.6489195555556	17.0062584666667	65.6426610888889	1.1452199199693e-9	52	First
Candidate mDMR	chr5	146606247	146609143	-	-	62.0793752857143	19.7689375	42.3104377857143	0.0030014753214478	195	First
Candidate mDMR	chr5	170877349	170878522	FGF18	Gene body	47.8116751279988	10.7827838028533	37.0288913251456	2.79366620616713e-7	269	First
Candidate mDMR	chr5	176056158	176058195	SNCB, EIF4E1B	Promoter	69.6130952375	7.12932901041665	62.4837662270834	4.41251000947619e-7	58	First
Candidate mDMR	chr5	180486345	180486936	BTNL9	Gene body	66.0517045482814	23.0001145905668	43.0515899577147	3.74584209560589e-33	190	First
Candidate mDMR	chr6	1624436	1625671	GMDS	Gene body	67.2214440171851	18.6580393018255	48.5634047153596	1.03171279578208e-22	129	First
Candidate mDMR	chr6	2414982	2415500	-	-	84.7685185166667	44.1666666666667	40.60185185	0.00302338674455401	214	First
Candidate mDMR	chr6	24140324	24141374	NRSN1	Gene body	73.699103	36.4285713333333	37.2705316666667	0.0476355001166744	261	First
Candidate mDMR	chr6	66709050	66709780	-	-	89.7798987115385	57.5844430867133	32.1954556248252	8.7315137407213e-6	354	First
Candidate mDMR	chr6	75068842	75069906	LOC101928516	Gene body	75.76587298	32.5	43.26587298	0.0150956798727438	187	First
Candidate mDMR	chr6	81368686	81369919	-	-	69.56765573	36.05768252	33.50997321	0.0171042305097431	326	First
Candidate mDMR	chr6	116085640	116086246	-	-	97.2222221666667	41.5079365	55.7142856666667	0.00142783964177331	83	First
Candidate mDMR	chr6	117258609	117259631	-	-	67.482612640625	31.5382355760417	35.9443770645833	4.43504269629386e-4	287	First
Candidate mDMR	chr6	129250398	129253478	LAMA2	Gene body	68.1241790157273	27.5398221145202	40.5843569012071	1.9696218608688e-16	215	First
Candidate mDMR	chr6	134436140	134436979	HMGA1P7	Gene body	55.8061554527778	10.7089724814815	45.0971829712963	1.8614368709976e-15	167	First
Candidate mDMR	chr6	141738133	141738435	-	-	81.27272726	35.63636366	45.6363636	3.55385187262574e-4	163	First
Candidate mDMR	chr6	154360040	154361269	OPRM1	Promoter	74.3702296111111	24.1373031833333	50.2329264277778	4.7713558763493e-9	117	First
Candidate mDMR	chr6	160553776	160556408	SLC22A1	Gene body	75.2645179782609	36.126438573913	39.1380794043478	1.34858587127131e-7	229	First
Candidate mDMR	chr6	162293543	162294574	PARK2	Gene body	71.5277768555556	40.3113780138889	31.2163988416667	1.58093216050687e-4	366	First
Candidate mDMR	chr6	166240518	166241389	-	-	79.3485449833333	44.64285715	34.7056878333333	0.0304686913461163	311	First
Candidate mDMR	chr6	166260010	166261046	-	-	60.4117647	28.01731602	32.394448680000004	0.0288233990339192	350	First
Candidate mDMR	chr6	167275029	167276433	RPS6KA2	Promoter	71.2464569169643	24.7974644678571	46.4489924491072	1.37495734539999e-5	150	First
Candidate mDMR	chr6	169423373	169424233	-	-	84.4099316666667	29.17026036	55.2396713066667	7.97123203092381e-10	87	First
Candidate mDMR	chr6	169631196	169632746	THBS2	Gene body	87.9367343440476	37.0373337732937	50.899400570754	8.70601187879649e-10	109	First
Candidate mDMR	chr7	807407	809380	DNAAF5	Gene body	88.3015070702838	22.9307240004257	65.3707830698581	6.2462300829888e-42	54	First
Candidate mDMR	chr7	1843973	1844511	-	-	59.5952182185606	23.5507858727272	36.0444323458333	5.4184106577506e-4	284	First
Candidate mDMR	chr7	4900825	4902468	PAPOLB	Promoter	76.6402278042661	29.8587718313274	46.7814559729388	3.41910037472294e-10	147	First
Candidate mDMR	chr7	7101092	7103379	-	-	97.9166666666667	39.5833333333333	58.3333333333333	0.0116235564491994	70	First
Candidate mDMR	chr7	12150290	12152848	-	-	65.1068701304348	16.9949864057971	48.1118837246377	5.52845310116044e-26	133	First
Candidate mDMR	chr7	22121375	22123451	-	-	74.4026752667642	1.86034467857942	72.5423305881848	3.82886846121851e-56	29	First
Candidate mDMR	chr7	22705003	22705675	LOC401312	Promoter	60.5227744280112	12.4244846791317	48.0982897488796	5.372442528814e-16	134	First
Candidate mDMR	chr7	24323794	24325073	NPY	Promoter	64.886253764846	12.3920052303336	52.4942485345125	6.09310885731448e-53	100	First
Candidate mDMR	chr7	27154305	27157141	HOXA3	Gene body	64.1347999230769	27.4042984692308	36.7305014538462	3.07372591536775e-6	271	First
Candidate mDMR	chr7	31192538	31193367	-	-	67.27738094	22.24390742	45.03347352	0.0285617480816852	169	First
Candidate mDMR	chr7	31375136	31376815	-	-	57.3744557271902	14.1566049844017	43.2178507427884	1.34384563621992e-10	188	First
Candidate mDMR	chr7	31937394	31939660	PDE1C	Gene body	58.249203665	23.1505533363333	35.0986503286667	3.65295764328948e-8	303	First
Candidate mDMR	chr7	34741928	34743148	NPSR1, NPSR1-AS1	Gene body	75.3194321142857	26.4625850428571	48.8568470714286	0.00297022197697691	126	First
Candidate mDMR	chr7	64035687	64036072	LOC100128885	Promoter	92.36363636	13.33333336	79.030303	2.28867615536704e-6	15	First
Candidate mDMR	chr7	71800612	71804072	CALN1	Promoter	75.9682772329365	19.8782384664654	56.0900387664712	2.12275528372525e-17	79	First
Candidate mDMR	chr7	73752862	73753580	CLIP2	Gene body	64.605659522	31.254494634	33.351164888	3.5806841404931e-12	328	First
Candidate mDMR	chr7	82136694	82138506	-	-	65.5008030003036	12.1811680726721	53.3196349276316	1.01741684510162e-15	94	First
Candidate mDMR	chr7	82176049	82176868	-	-	83.4267567545455	32.6897539931818	50.7370027613637	1.55434376828787e-5	114	First
Candidate mDMR	chr7	84076167	84077223	-	-	92.2077922	46.1904762	46.017316	0.00792560218230738	156	First
Candidate mDMR	chr7	85471629	85473051	-	-	66.70021709	33.03907948	33.66113761	0.00118709689867846	323	First
Candidate mDMR	chr7	86272911	86274639	GRM3	Promoter	83.0608608235294	17.3440284117647	65.7168324117647	9.73487640704116e-14	50	First
Candidate mDMR	chr7	101006035	101006358	COL26A1	Promoter	80.5355676857143	1.78468357142857	78.7508841142857	2.12169573879334e-37	17	First
Candidate mDMR	chr7	106300617	106303450	CCDC71L	Promoter	76.0939643475633	10.7364484277778	65.3575159197855	2.48802186368272e-17	55	First
Candidate mDMR	chr7	107743397	107743849	LAMB4	Gene body	63.5334902857143	4.047619	59.4858712857143	3.67821100637724e-6	69	First
Candidate mDMR	chr7	110370607	110371625	IMMP2L	Gene body	60.6304119947368	26.0342530578947	34.5961589368421	4.32079915945424e-5	313	First
Candidate mDMR	chr7	129746868	129749725	KLHDC10	Gene body	88.5447418479532	6.30875689035087	82.2359849576023	4.20145681392323e-24	9	First
Candidate mDMR	chr7	132259865	132261431	PLXNA4	Promoter	67.84796375	19.4642135666667	48.3837501833333	8.62084814759684e-9	131	First
Candidate mDMR	chr7	132382608	132384422	FLJ40288	Gene body	52.7237801428571	19.6186905	33.1050896428571	0.00125324728003453	334	First
Candidate mDMR	chr7	134516365	134516843	CALD1	Gene body	81.1585864488095	25.071249625	56.0873368238095	2.06621517634922e-6	80	First
Candidate mDMR	chr7	149388799	149390518	-	-	73.4746458375	23.3575036125	50.117142225	7.12279635454289e-4	118	First
Candidate mDMR	chr7	150093282	150095215	ZNF775	Gene body	73.3351813197663	42.7953398974107	30.5398414223556	4.04444180189868e-7	379	First
Candidate mDMR	chr7	150654869	150655953	KCNH2	Gene body	65.7450968884615	19.3655987230769	46.3794981653846	2.57614370180802e-10	151	First
Candidate mDMR	chr7	151327824	151330524	PRKAG2	Promoter	84.7754097777778	28.8095236666667	55.9658861111111	5.5931685764865e-7	81	First
Candidate mDMR	chr7	154086868	154089084	DPP6	Gene body	79.5857469370968	35.3086949263441	44.2770520107527	1.10554756704603e-9	176	First
Candidate mDMR	chr7	154219090	154220820	DPP6	Gene body	51.2797843333333	14.5622895	36.7174948333333	9.73946813090525e-4	272	First
Candidate mDMR	chr7	157453549	157454062	PTPRN2	Gene body	76.4393888916084	32.6478593454545	43.7915295461539	1.85053456963772e-4	183	First
Candidate mDMR	chr7	157689758	157691177	PTPRN2	Gene body	82.8507115740741	42.2923234111111	40.5583881629629	1.03723266906885e-5	216	First
Candidate mDMR	chr7	157890346	157891670	PTPRN2	Gene body	81.099513	35.8293501875	45.2701628125	1.34977228429688e-9	166	First
Candidate mDMR	chr7	157926030	157926518	PTPRN2	Gene body	77.61571395	39.8797846916667	37.7359292583333	4.03861495873353e-5	252	First
Candidate mDMR	chr7	157951731	157952277	PTPRN2	Gene body	78.6633183529517	43.7838639715483	34.8794543814033	3.97025316278461e-5	308	First
Candidate mDMR	chr7	158188548	158189021	PTPRN2	Gene body	86.2807016	42.0634922	44.2172094	0.00856421713071305	177	First
Candidate mDMR	chr7	158349193	158350237	PTPRN2	Gene body	71.2312408070834	27.9338186220834	43.297422185	2.03651384257152e-21	186	First
Candidate mDMR	chr7	158362175	158363942	PTPRN2	Gene body	83.0482846987049	22.2236469259482	60.8246377727567	4.40025488976678e-40	64	First
Candidate mDMR	chr8	832203	833591	ERICH1-AS1	Gene body	75.243947709902	26.6876579404085	48.5562897694935	1.28491464324431e-24	130	First
Candidate mDMR	chr8	1048036	1049471	ERICH1-AS1	Gene body	67.1317634772894	32.7329562292125	34.3988072480769	1.57204769960551e-6	316	First
Candidate mDMR	chr8	1150275	1151587	-	-	75.8675487082533	38.5832451419312	37.2843035663221	1.4377951777857e-20	260	First
Candidate mDMR	chr8	1320660	1322190	-	-	81.5439587698135	31.7467528145105	49.797205955303	4.88019677979391e-15	120	First
Candidate mDMR	chr8	1363917	1365338	-	-	68.3993712082479	35.9271595729273	32.4722116353205	4.84169436605435e-10	349	First
Candidate mDMR	chr8	1386337	1387826	-	-	80.3620621818182	34.4478879636364	45.9141742181818	4.28984715681758e-6	158	First
Candidate mDMR	chr8	1430425	1431666	-	-	64.2076003269231	25.6093472653846	38.5982530615385	2.70927482864e-8	240	First
Candidate mDMR	chr8	1439855	1441580	-	-	83.860046100202	49.6181361944192	34.2419099057828	3.980194390443e-16	319	First
Candidate mDMR	chr8	1454763	1455709	DLGAP2	Gene body	86.50410128	42.5388407933333	43.9652604866667	4.61610073098126e-7	178	First
Candidate mDMR	chr8	1456695	1457422	DLGAP2	Gene body	77.3941799	38.14147688	39.25270302	0.00748513297606302	228	First
Candidate mDMR	chr8	1496603	1498266	DLGAP2	Gene body	87.5345779799679	53.9017917998397	33.6327861801282	6.25100772166044e-8	324	First
Candidate mDMR	chr8	2584558	2585876	LOC101927815	Promoter	73.0702517333333	10.5567599133333	62.51349182	6.76047800281982e-11	57	First
Candidate mDMR	chr8	2609630	2610387	-	-	78.6580088888889	39.3922126666667	39.2657962222222	0.00222383750558616	227	First
Candidate mDMR	chr8	3651260	3654568	CSMD1	Gene body	68.0952381	12.3809523833333	55.7142857166667	0.00471801256705839	82	First
Candidate mDMR	chr8	3709353	3711003	CSMD1	Gene body	69.5095028333333	26.7977490444444	42.7117537888889	0.00422047288030556	191	First
Candidate mDMR	chr8	3951204	3952634	CSMD1	Gene body	58.424827	23.467262	34.957565	0.00197352874242586	307	First
Candidate mDMR	chr8	3963765	3966502	CSMD1	Gene body	60.7947866536858	27.8950626746124	32.8997239790734	5.28033652880299e-12	338	First
Candidate mDMR	chr8	4053103	4053589	CSMD1	Gene body	79.0072186857143	42.7886588	36.2185598857143	0.0054997608670688	280	First
Candidate mDMR	chr8	4643395	4644919	CSMD1	Gene body	88.0952381	7.88600288571429	80.2092352142857	5.50956763812049e-9	13	First
Candidate mDMR	chr8	8559607	8560147	CLDN23	Promoter	72.267528172521	1.37676384621849	70.8907643263025	5.76647804900693e-40	34	First
Candidate mDMR	chr8	9492409	9493294	TNKS	Gene body	94.3086929945238	20.1720312797619	74.1366617147619	8.77553117938888e-22	24	First
Candidate mDMR	chr8	15977277	15978044	MSR1	Gene body	55.0390367477056	6.00962271770563	49.02941403	1.75075449765561e-5	124	First
Candidate mDMR	chr8	21867187	21868714	-	-	43.0545314911111	4.03902866111111	39.01550283	1.19997702288213e-4	230	First
Candidate mDMR	chr8	25678760	25679675	-	-	71.5136054285714	38.4615382857143	33.0520671428571	0.0350397597675052	336	First
Candidate mDMR	chr8	25905585	25908764	-	-	60.4659282070496	25.4535339267348	35.0123942803148	1.15233124405765e-28	306	First
Candidate mDMR	chr8	58105450	58106749	-	-	79.183215065	35.538160075	43.64505499	1.2867389962459e-12	184	First
Candidate mDMR	chr8	61626438	61628120	CHD7	Gene body	84.756200725	13.28239084	71.473809885	1.92717216723309e-15	32	First
Candidate mDMR	chr8	72917059	72918452	MSC-AS1	Gene body	45.5752581666667	6.1845039	39.3907542666667	0.00343233412460523	226	First
Candidate mDMR	chr8	91109891	91112274	-	-	82.1011062333333	51.8116595416667	30.2894466916667	0.00137478955621587	385	First
Candidate mDMR	chr8	91129805	91130514	-	-	71.91239317	25.86383442	46.04855875	6.9335003025843e-5	155	First
Candidate mDMR	chr8	97004924	97007495	-	-	78.5750469605263	2.00445817894737	76.5705887815789	6.43387547824237e-21	20	First
Candidate mDMR	chr8	142215560	142216514	-	-	82.6281174902109	21.2631332998396	61.3649841903714	9.83915748968359e-18	60	First
Candidate mDMR	chr9	5042860	5043263	JAK2	Gene body	90.340136	17.4175822857143	72.9225537142857	2.83253818851722e-8	27	First
Candidate mDMR	chr9	14345657	14347289	NFIB	Gene body	73.715967146337	26.8997014423077	46.8162657040293	1.5355105653359e-11	146	First
Candidate mDMR	chr9	22005100	22006005	CDKN2B-AS1, CDKN2B	Gene body	49.6519815	14.526580525	35.125400975	0.00312640403804125	302	First
Candidate mDMR	chr9	31253903	31257287	-	-	84.9709363426471	46.4373360569328	38.5336002857143	9.89428904049069e-13	241	First
Candidate mDMR	chr9	73513187	73513588	TRPM3	Gene body	74.2857142857143	23.4126982857143	50.873016	3.29512107238571e-5	110	First
Candidate mDMR	chr9	81056845	81057316	-	-	77.083571475	22.1319444458333	54.9516270291667	1.17714335367402e-5	90	First
Candidate mDMR	chr9	83440828	83443342	-	-	71.6153647642857	26.5389464428571	45.0764183214286	4.08643679494935e-7	168	First
Candidate mDMR	chr9	86151648	86154497	FRMD3	Promoter	75.4204004740741	19.7913299161616	55.6290705579125	3.99085035824502e-28	84	First
Candidate mDMR	chr9	115652657	115653529	SLC46A2	Promoter	62.5617602339744	15.0221838446047	47.5395763893697	1.20018775435012e-12	139	First
Candidate mDMR	chr9	115773977	115774965	ZNF883	Promoter	51.56593408	0	51.56593408	0.00680374461404736	105	First
Candidate mDMR	chr9	119975539	119977334	ASTN2	Gene body	67.7762238853404	18.9365534931461	48.8396703921943	1.01741684510162e-15	127	First
Candidate mDMR	chr9	124061860	124062240	GSN	Promoter	62.7370079604167	1.83861441858333	60.8983935418333	5.11508584436587e-19	62	First
Candidate mDMR	chr9	135073285	135074004	NTNG2	Gene body	84.322386773454	49.8800957274755	34.4422910459785	3.57621163794217e-13	315	First
Candidate mDMR	chr9	135084961	135085353	NTNG2	Gene body	61.1199294666667	29.2982456166667	31.82168385	0.0400139080805466	357	First
Candidate mDMR	chr10	1367968	1368950	ADARB2	Gene body	87.2180451	17.7272727285714	69.4907723714286	1.98901723024371e-6	37	First
Candidate mDMR	chr10	1713384	1714718	ADARB2	Gene body	74.4726682495167	42.5091675899078	31.9635006596089	1.12745907630725e-8	355	First
Candidate mDMR	chr10	3329995	3330604	-	-	68.463740047619	29.4966145	38.967125547619	1.03242194062707e-6	232	First
Candidate mDMR	chr10	5734430	5735349	FAM208B	Gene body	94.8426573375	40.4166666625	54.425990675	1.79497901037298e-6	93	First
Candidate mDMR	chr10	11934845	11937713	PROSER2-AS1	Promoter	87.7575907883967	3.80918418075298	83.9484066076437	8.97474086007497e-80	7	First
Candidate mDMR	chr10	13480742	13481836	BEND7	Gene body	61.3664539301587	25.5201746938095	35.8462792363492	4.70189581327165e-5	289	First
Candidate mDMR	chr10	15759844	15761893	ITGA8	Promoter	55.9641780166667	11.14592893	44.8182490866667	2.07799562245828e-13	173	First
Candidate mDMR	chr10	18285654	18286508	SLC39A12	Gene body	73.2751996690476	20.7531336547619	52.5220660142857	5.22505394328881e-10	99	First
Candidate mDMR	chr10	19777475	19778061	MALRD1	Gene body	50.2243069375	4.424603175	45.7997037625	3.43524695597874e-9	160	First
Candidate mDMR	chr10	27702174	27704762	PTCHD3	Promoter	48.1410862805555	16.5117877356482	31.6292985449074	0.00239208388014921	358	First
Candidate mDMR	chr10	43723868	43726205	RASGEF1A	Promoter	54.9170008194445	18.2787609186111	36.6382399008333	9.77995709337664e-23	273	First
Candidate mDMR	chr10	61110772	61112628	FAM13C	Gene body	72.43208543125	20.733157971875	51.698927459375	1.80507632606062e-17	104	First
Candidate mDMR	chr10	65225086	65225630	JMJD1C, JMJD1C-AS1	Promoter	93.0421078641026	1.00151640769231	92.0405914564103	3.09442920665497e-66	2	First
Candidate mDMR	chr10	65801274	65801697	-	-	56.4254322461538	3.54939723076923	52.8760350153846	4.35587782735951e-10	96	First
Candidate mDMR	chr10	90015825	90016330	-	-	73.7016214444445	42.7612604777778	30.9403609666667	4.4358750540235e-6	374	First
Candidate mDMR	chr10	108686980	108688213	SORCS1	Gene body	77.3446622	44.56654456	32.77811764	0.0175332092545047	342	First
Candidate mDMR	chr10	115999021	115999895	VWA2	Promoter	75.0140483269231	1.74585685769231	73.2681914692308	1.23589515219347e-23	26	First
Candidate mDMR	chr10	131575773	131576237	-	-	81.8688157142857	32.9223766285714	48.9464390857143	9.86251952026898e-5	125	First
Candidate mDMR	chr10	135272909	135273890	SCART1	Gene body	79.3309576160345	24.4584452812222	54.8725123348123	8.58280942535312e-31	91	First
Candidate mDMR	chr10	135342221	135344245	CYP2E1	Gene body	79.86704535	8.25824236428572	71.6088029857143	9.84271356443218e-13	31	First
Candidate mDMR	chr11	7110083	7110453	RBMXL2	Promoter	80.0105272	26.9654870183334	53.0450401816666	1.42748808533842e-26	95	First
Candidate mDMR	chr11	15135939	15136456	INSC	Promoter	62.2720837676471	21.9559012214706	40.3161825461765	3.72741096693218e-9	218	First
Candidate mDMR	chr11	18158857	18159571	MRGPRX3	Gene body	74.59823183	40.11218197	34.48604986	1.15993359806862e-9	314	First
Candidate mDMR	chr11	44087195	44088588	ACCS	Promoter	70.5102441625	24.0261792308333	46.4840649316667	1.01387453177276e-13	149	First
Candidate mDMR	chr11	63374049	63374326	PLA2G16	Gene body	69.9046571	22.7063159833333	47.1983411166667	8.31874051906634e-6	141	First
Candidate mDMR	chr11	74178114	74178517	KCNE3	Promoter	66.8478571833333	26.6203435944444	40.2275135888889	1.77418578252358e-9	219	First
Candidate mDMR	chr11	78533743	78535072	TENM4	Gene body	72.0723124545455	41.8527074090909	30.2196050454545	0.00173703492057315	386	First
Candidate mDMR	chr11	80963576	80964064	-	-	77.7991338083334	41.6630326745833	36.13610113375	1.60051472389425e-4	282	First
Candidate mDMR	chr11	83923826	83924754	DLG2	Gene body	70.67982455	19.593253975	51.086570575	3.00595464612569e-6	108	First
Candidate mDMR	chr11	84431555	84432346	DLG2	Gene body	53.6240838580484	22.2506601793447	31.3734236787037	6.46094179477698e-11	360	First
Candidate mDMR	chr11	93582929	93583380	VSTM5	Promoter	70.0889989875	8.54386013333333	61.5451388541667	2.52546357126116e-11	59	First
Candidate mDMR	chr11	115630326	115631350	LINC00900	Promoter	78.09930850491	7.4779225755319	70.6213859293781	6.04370488561716e-37	35	First
Candidate mDMR	chr11	121968650	121972855	MIR100HG	Gene body	61.9549773818182	25.8610554181818	36.0939219636364	0.00224380098820243	283	First
Candidate mDMR	chr11	127867403	127869796	-	-	72.5733214142857	23.8386646242857	48.73465679	1.56557663405262e-7	128	First
Candidate mDMR	chr11	130468504	130468803	-	-	77.9930602117647	31.0316369705882	46.9614232411765	1.12209821397402e-8	144	First
Candidate mDMR	chr11	132582235	132583094	OPCML	Gene body	66.9918980642857	25.2355467928571	41.7563512714286	2.92415791490308e-6	202	First
Candidate mDMR	chr11	132813062	132815361	OPCML	Promoter	71.9847277525541	13.8978257665368	58.0869019860173	2.1641642906065e-32	71	First
Candidate mDMR	chr11	132950809	132954947	OPCML	Gene body	70.7671957666667	28.7144799666667	42.0527158	0.00312640403804125	198	First
Candidate mDMR	chr12	312726	313546	LOC101929384	Promoter	60.6740827026316	15.3086049394737	45.3654777631579	1.9696218608688e-16	165	First
Candidate mDMR	chr12	4433379	4433928	TIGAR	Gene body	97.9764752818182	1.49240125909091	96.4840740227273	7.94177736203038e-45	1	First
Candidate mDMR	chr12	19459553	19459968	PLEKHA5	Gene body	95.9374139	9.34322172	86.59419218	1.50727611785659e-25	5	First
Candidate mDMR	chr12	19927061	19929259	-	-	69.6286151821727	22.1998267252816	47.428788456891	8.68426984404773e-26	140	First
Candidate mDMR	chr12	20093486	20094935	-	-	71.9609488384615	37.1841466269231	34.7768022115385	3.99880963102173e-7	310	First
Candidate mDMR	chr12	34475961	34484918	-	-	51.3336132718473	14.2872873590286	37.0463259128187	6.27048114216027e-30	267	First
Candidate mDMR	chr12	34517534	34521389	-	-	62.2894474084616	12.33416463125	49.9552827772116	1.65636094525131e-16	119	First
Candidate mDMR	chr12	34522055	34526320	-	-	49.7413768625	14.1951058287037	35.5462710337963	1.16963039852144e-24	295	First
Candidate mDMR	chr12	61048153	61049966	-	-	76.3257017858974	34.6780491948718	41.6476525910256	1.88064557293242e-8	204	First
Candidate mDMR	chr12	73451770	73453263	-	-	67.417303975	28.7768620125	38.6404419625	0.00703509858005655	239	First
Candidate mDMR	chr12	76614043	76616063	-	-	91.07070707	23.3928572	67.67784987	3.40667814537101e-9	47	First
Candidate mDMR	chr12	95962335	95964502	-	-	91.3730158855556	7.90123456666665	83.4717813188889	2.73468193732122e-6	8	First
Candidate mDMR	chr12	103887567	103890311	C12orf42	Promoter	63.7434445839912	2.79780407763158	60.9456405063597	3.01402532999303e-14	61	First
Candidate mDMR	chr12	113013031	113013885	-	-	71.2929440958823	41.0837471758824	30.20919692	4.03714494451671e-4	387	First
Candidate mDMR	chr12	116036108	116037223	-	-	79.3036454071429	43.339700175	35.9639452321428	2.08087682729815e-5	286	First
Candidate mDMR	chr12	122356056	122357216	WDR66	Promoter	75.47004931868	7.41899519632657	68.0510541223534	2.35435136917921e-39	45	First
Candidate mDMR	chr12	130059331	130060410	TMEM132D	Gene body	65.5554125775	31.36712069625	34.18829188125	5.38739587566229e-4	320	First
Candidate mDMR	chr12	131528891	131530392	ADGRD1	Gene body	60.8928598804348	25.221771252826102	35.6710886276087	2.4555442832629e-12	293	First
Candidate mDMR	chr13	49030899	49031956	RB1	Gene body	89.0743771525	46.4035738598485	42.6708032926515	4.11306352698204e-7	192	First
Candidate mDMR	chr13	81228514	81229983	-	-	66.5639786852273	28.8405134353788	37.7234652498485	2.94819746898452e-13	253	First
Candidate mDMR	chr13	87445488	87446264	-	-	88	54.9206349	33.0793651	0.00644440048581617	335	First
Candidate mDMR	chr13	93742746	93748707	-	-	68.436800227451	28.5153787470588	39.9214214803921	4.02949183715788e-5	223	First
Candidate mDMR	chr13	95654177	95655464	-	-	72.9716449925926	32.0925125481481	40.8791324444444	5.63753436170314e-11	213	First
Candidate mDMR	chr13	100546572	100548770	LOC101927437, CLYBL	Gene body	72.1982722045647	39.4693734587144	32.7288987458503	1.52698096083567e-23	343	First
Candidate mDMR	chr13	102103930	102106289	ITGBL1	Promoter	78.733041851783	18.1908825690599	60.5421592827231	3.06479085379261e-18	65	First
Candidate mDMR	chr13	103423896	103424994	TEX30	Gene body	66.1382173333334	23.5987006538462	42.5395166794872	3.18774460152524e-8	193	First
Candidate mDMR	chr13	109537628	109539466	MYO16	Gene body	71.7578097988858	30.562106901621	41.1957028972648	2.06740360362823e-9	209	First
Candidate mDMR	chr13	112319036	112320951	-	-	76.8549125848485	44.4862208551515	32.368691729697	7.55432174501047e-4	351	First
Candidate mDMR	chr13	112690232	112692038	LINC00403	Gene body	82.4332725093567	40.7326117798246	41.7006607295322	1.8530988728401e-14	203	First
Candidate mDMR	chr13	112757632	112762219	LINC00403	Promoter	73.6637566993147	32.2241546241294	41.4396020751853	2.96569988757867e-32	206	First
Candidate mDMR	chr13	112984743	112985562	LINC01044	Promoter	71.0608445714286	32.9184256428571	38.1424189285714	5.37850923344537e-6	246	First
Candidate mDMR	chr13	112996989	112997953	-	-	70.2162186375	35.5908475625	34.625371075	0.00759257414543359	312	First
Candidate mDMR	chr13	114813075	114814456	RASA3	Gene body	71.4627935999059	41.1164523821093	30.3463412177966	1.05088766881064e-10	384	First
Candidate mDMR	chr13	114839974	114842724	RASA3	Gene body	77.234887598094	43.9617294963885	33.2731581017055	1.26896389614748e-45	330	First
Candidate mDMR	chr14	24562609	24563883	PCK2	Promoter	57.8255395048192	1.42773581486656	56.3978036899527	1.70217310758759e-40	77	First
Candidate mDMR	chr14	37131466	37134254	PAX9	Gene body	75.7991291733918	23.4262983679337	52.3728308054581	2.75192553625301e-4	102	First
Candidate mDMR	chr14	43603522	43605556	-	-	78.9220221611111	48.4602808416667	30.4617413194444	0.00159345572584144	380	First
Candidate mDMR	chr14	44002070	44002331	-	-	96.9966677692308	54.8601398692308	42.1365279	8.54097992649333e-6	197	First
Candidate mDMR	chr14	47120507	47121156	RPL10L	Promoter	86.34495275	18.217841275	68.127111475	8.74865429419926e-11	44	First
Candidate mDMR	chr14	47543093	47543749	MDGA2	Gene body	65.5289318375	29.845038575	35.6838932625	8.39713398354518e-5	291	First
Candidate mDMR	chr14	52733699	52736316	PTGDR	Promoter	72.2955990607143	33.8122102570833	38.483388803631	1.13728939638799e-22	242	First
Candidate mDMR	chr14	58331334	58332843	SLC35F4	Promoter	58.58067631204	11.3939630847341	47.1867132273059	1.23826280609789e-26	142	First
Candidate mDMR	chr14	73394962	73397121	DCAF4	Gene body	85.9817432857143	8.0304368392857	77.9513064464286	1.19046343469449e-22	19	First
Candidate mDMR	chr14	95233445	95234134	-	-	65.2009894857143	29.0226440428571	36.1783454428572	0.00359920877529738	281	First
Candidate mDMR	chr14	100140903	100142298	HHIPL1	Gene body	74.7728081764706	38.9899334529412	35.7828747235294	2.43675307775637e-4	290	First
Candidate mDMR	chr14	102108700	102110070	-	-	88.5400314285714	19.7802197142857	68.7598117142857	1.17714335367402e-5	38	First
Candidate mDMR	chr14	104718219	104718441	-	-	90.1658184333333	43.0446554916667	47.1211629416667	3.84072296022905e-7	143	First
Candidate mDMR	chr15	29210949	29212050	-	-	65.976098125	34.547726875	31.42837125	0.0247887767074355	359	First
Candidate mDMR	chr15	33602930	33604602	RYR3, LOC101928134	Promoter	47.5966201547186	14.4230102942857	33.1736098604329	3.34307155001883e-8	332	First
Candidate mDMR	chr15	40776974	40782706	-	-	93.0930349666667	16.9582924666667	76.1347425	6.11910767737137e-15	23	First
Candidate mDMR	chr15	54270617	54272427	-	-	68.2420829555555	12.7642239166667	55.4778590388889	1.58603604487008e-8	85	First
Candidate mDMR	chr15	79851112	79852695	-	-	61.7652298944444	26.4773847922222	35.2878451022222	5.2403212796251e-8	299	First
Candidate mDMR	chr15	93198061	93201008	FAM174B	Promoter	63.5656321232143	15.8442785660714	47.7213535571429	1.53586971094848e-25	137	First
Candidate mDMR	chr16	866773	867820	-	-	67.5	31.830357125	35.669642875	0.00352184405103139	294	First
Candidate mDMR	chr16	5703034	5703975	-	-	78.4920635	27.0257531666667	51.4663103333333	8.41900402023031e-4	106	First
Candidate mDMR	chr16	6069576	6071658	RBFOX1	Promoter	62.2505694205826	24.640706118851	37.6098633017316	7.61167766673305e-10	256	First
Candidate mDMR	chr16	6102424	6103608	RBFOX1	Gene body	82.8253422111111	41.55150015	41.2738420611111	7.235600012874e-7	208	First
Candidate mDMR	chr16	6623349	6625141	RBFOX1	Gene body	72.3403679357143	41.0503174476191	31.2900504880952	0.00128398663822751	363	First
Candidate mDMR	chr16	6838398	6839343	RBFOX1	Gene body	76.5079366666667	34.5679012222222	41.9400354444444	2.69360111647543e-5	201	First
Candidate mDMR	chr16	7354262	7355839	RBFOX1	Gene body	54.26314185	15.3283245	38.93481735	4.1349081323815e-4	235	First
Candidate mDMR	chr16	10801862	10802449	-	-	84.4444446	40.5070952	43.9373494	0.00742648174107682	179	First
Candidate mDMR	chr16	30816570	30817601	-	-	60.083859309127	4.84795186269841	55.2359074464285	1.39007935634645e-13	88	First
Candidate mDMR	chr16	63161409	63163941	-	-	85.291011	33.5842407375	51.7067702625	5.59745109592908e-5	103	First
Candidate mDMR	chr16	74734116	74734509	MLKL	Promoter	41.6664604333333	6.50123100952381	35.1652294238095	5.76213916433999e-9	300	First
Candidate mDMR	chr16	74781849	74783686	FA2H	Gene body	66.7857142857143	30.1504447142857	36.6352695714286	0.0139615126738232	274	First
Candidate mDMR	chr16	75563598	75564398	CHST5	Gene body	77.4849503333333	46.134219552381	31.3507307809524	1.78195727566696e-5	362	First
Candidate mDMR	chr16	76268299	76270792	-	-	77.5756686838816	42.5465584534174	35.0291102304642	2.79009783694386e-11	304	First
Candidate mDMR	chr16	87723172	87724024	JPH3	Gene body	55.6699249722222	16.8241806222222	38.84574435	1.86007194003366e-11	236	First
Candidate mDMR	chr17	229616	230312	-	-	77.3635161	45	32.3635161	0.0050681650233047	352	First
Candidate mDMR	chr17	5661539	5662550	-	-	80.8114035	43.2417581666667	37.5696453333333	0.0433864724909333	257	First
Candidate mDMR	chr17	7832575	7833130	KCNAB3	Promoter	79.5441732190476	7.51646402380952	72.0277091952381	2.51758646831149e-21	30	First
Candidate mDMR	chr17	33923443	33924000	AP2B1	Gene body	56.4960318	18.49936231	37.99666949	1.22110370601948e-6	249	First
Candidate mDMR	chr17	63532500	63534695	AXIN2	Gene body	91.8953456803467	25.7776069645941	66.1177387157526	5.14141974578513e-74	49	First
Candidate mDMR	chr17	72347524	72348242	KIF19	Gene body	47.0236629593291	3.72532771529605	43.298335244033	4.84169436605435e-10	185	First
Candidate mDMR	chr17	75523986	75525986	-	-	61.2158481818182	15.1515151545455	46.0643330272727	3.40613943994373e-9	154	First
Candidate mDMR	chr17	79372776	79374433	BAHCC1	Promoter	75.0593465051587	6.52733568531746	68.5320108198412	1.12940265258429e-26	41	First
Candidate mDMR	chr18	3728829	3729708	DLGAP1	Gene body	76.0995627651515	34.5789723121212	41.5205904530303	1.81975263535478e-15	205	First
Candidate mDMR	chr18	9477193	9479042	RALBP1	Gene body	88.136247059127	19.9111645218254	68.2250825373016	7.19819766682001e-33	43	First
Candidate mDMR	chr18	45052207	45053163	-	-	62.2250426625	29.3728499232143	32.8521927392857	0.0104741401446628	341	First
Candidate mDMR	chr18	55018650	55021527	ST8SIA3	Promoter	62.4691848526814	22.3369031771817	40.1322816754997	9.34987064590819e-32	220	First
Candidate mDMR	chr18	58329835	58331573	-	-	72.4518612941176	37.4248196823529	35.0270416117647	1.86305864057299e-6	305	First
Candidate mDMR	chr18	66038997	66040356	-	-	41.9126112142857	10.6575963714286	31.2550148428571	0.00141152325306437	365	First
Candidate mDMR	chr18	68165832	68167252	-	-	48.504878	11.87266144	36.63221656	2.56566788051655e-4	275	First
Candidate mDMR	chr18	77252860	77253852	NFATC1	Gene body	88.5214224617871	43.6164998871382	44.9049225746489	2.54396880542256e-28	171	First
Candidate mDMR	chr18	77396600	77398867	-	-	81.1389296	36.3379794733333	44.8009501266667	7.92402329270186e-8	174	First
Candidate mDMR	chr18	77658919	77659945	KCNG2	Gene body	93.0975081483333	48.4477378421296	44.6497703062037	3.30261085429478e-5	175	First
Candidate mDMR	chr18	77904435	77907055	PARD6G-AS1	Promoter	81.0139235369853	12.3000298111111	68.7138937258741	2.4798179217744e-43	39	First
Candidate mDMR	chr19	426924	429912	SHC2	Gene body	69.4934835359849	24.5716804128472	44.9218031231376	6.17669634917166e-13	170	First
Candidate mDMR	chr19	603535	603874	HCN2	Gene body	85.8505279	55.471052745	30.379475155	3.1254729042956e-5	382	First
Candidate mDMR	chr19	5231078	5232133	PTPRS	Gene body	72.9342517870192	38.8356003347408	34.0986514522784	6.07190355548464e-12	322	First
Candidate mDMR	chr19	10023515	10025153	OLFM2	Promoter	84.8954376826087	4.13988186086956	80.7555558217391	1.45775807134783e-32	11	First
Candidate mDMR	chr19	17607724	17608679	SLC27A1	Gene body	53.55678629	11.613818945	41.942967345	3.06698844801691e-8	200	First
Candidate mDMR	chr19	21665979	21666583	LINC00664	Promoter	82.3116578164251	44.4359449842996	37.8757128321256	9.03583371090299e-9	250	First
Candidate mDMR	chr19	36756493	36758582	-	-	74.4743261929426	5.97545300327066	68.498873189672	1.78397074691436e-56	42	First
Candidate mDMR	chr19	40719064	40720318	MAP3K10	Gene body	74.1568417961309	35.2131318114583	38.9437099846726	6.22023747323311e-15	233	First
Candidate mDMR	chr19	43909905	43910749	TEX101	Gene body	66.1062391130952	27.9995275642857	38.1067115488095	2.63863448104931e-5	247	First
Candidate mDMR	chr19	46056213	46057735	OPA3	Gene body	87.4115204074786	19.6525825801282	67.7589378273505	9.63339823769116e-18	46	First
Candidate mDMR	chr19	46799242	46800699	HIF3A	Promoter	55.5998341060606	23.0708554515152	32.5289786545455	9.84271356443218e-13	348	First
Candidate mDMR	chr19	50312378	50312805	FUZ	Gene body	66.1450171388889	24.9680657202778	41.1769514186111	2.38240989125525e-10	210	First
Candidate mDMR	chr19	52995658	52997238	ZNF578	Gene body	45.4088400397604	1.49348838039216	43.9153516593682	2.25792799553569e-24	181	First
Candidate mDMR	chr20	32254685	32255835	ACTL10	Promoter	79.9017556357716	10.3280885826494	69.5736670531222	1.717856598884e-44	36	First
Candidate mDMR	chr20	35304889	35306125	NDRG3	Gene body	93.923171132381	38.6600363390476	55.2631347933333	1.04376931373287e-12	86	First
Candidate mDMR	chr20	39945503	39948031	-	-	47.88891476	1.281590412	46.607324348	1.43065121941276e-15	148	First
Candidate mDMR	chr20	42928512	42929043	-	-	75.3029474	38.273809525	37.029137875	0.00146358755280425	268	First
Candidate mDMR	chr20	47013301	47013955	-	-	67.2779285555555	28.8896639955556	38.38826456	1.26563615887146e-12	244	First
Candidate mDMR	chr20	50602152	50602562	-	-	58.4208654277778	8.14407656111111	50.2767888666666	1.99084392460593e-4	116	First
Candidate mDMR	chr20	52788666	52791541	CYP24A1	Promoter	86.4218237368421	13.8596491578947	72.5621745789474	9.76185343976179e-16	28	First
Candidate mDMR	chr20	53535189	53536637	-	-	65.712230025	28.4874634333333	37.2247665916667	0.00129595086434839	262	First
Candidate mDMR	chr20	54097448	54099459	-	-	48.8530353666667	17.6935394	31.1594959666667	0.0120890725066073	369	First
Candidate mDMR	chr20	59999974	60001622	CDH4	Gene body	67.6044875	34.7319688	32.8725187	0.0337811854629658	339	First
Candidate mDMR	chr20	60174400	60175471	CDH4	Promoter	71.21628975	23.1465293333333	48.0697604166667	2.78396688080532e-5	135	First
Candidate mDMR	chr20	62119226	62120908	EEF1A2	Gene body	60.0112233333333	25.6321839083333	34.379039425	2.1413596622093e-4	317	First
Candidate mDMR	chr20	62438993	62440460	ZBTB46-AS1	Promoter	84.7028662213054	32.1670756593317	52.5357905619737	1.24668913630044e-32	98	First
Candidate mDMR	chr21	20162690	20164333	-	-	49.0227501166667	2.77777778333333	46.2449723333333	1.73826680344224e-5	152	First
Candidate mDMR	chr21	35009237	35010232	CRYZL1	Gene body	78.575356975	27.72441168125	50.85094529375	8.8684893398571e-8	111	First
Candidate mDMR	chr21	39285497	39286365	KCNJ6	Gene body	52.3209768	10.3751803714286	41.9457964285714	2.51306010394935e-4	199	First
Candidate mDMR	chr21	42213194	42214570	DSCAM	Gene body	73.3884372	40.1802391111111	33.2081980888889	0.00222383750558616	331	First
Candidate mDMR	chr21	42216990	42219737	DSCAM	Promoter	62.2282422470588	26.5449556823529	35.6832865647059	4.4673840806104e-5	292	First
Candidate mDMR	chr21	47287059	47288844	PCBP3	Gene body	70.8652575060606	34.3252043785714	36.5400531274892	1.0510245621208e-11	277	First
Candidate mDMR	chr22	31500216	31501089	SMTN, SELM	Gene body	62.8835978888889	0	62.8835978888889	9.27732619352595e-10	56	First
Candidate mDMR	chr22	46367499	46368649	WNT7B	Gene body	86.5263999578432	29.3183940176471	57.208005940196	6.33313746363114e-13	73	First
Candidate mDMR	chr22	50117864	50118573	-	-	66.8901857595238	24.6269915089285	42.2631942505952	6.85226010080166e-11	196	First
Candidate mDMR	chr22	51042175	51043418	MAPK8IP2	Gene body	73.7489787888889	21.3490791407407	52.3998996481481	1.19146556526656e-14	101	First
Candidate mDMR	chr22	51134851	51136545	SHANK3	Gene body	64.4488549005533	24.4134987352896	40.0353561652637	6.23797191908886e-23	222	First
Candidate mDMR	chrX	3731482	3734356	-	-	80.1795673333333	1.98071981666667	78.1988475166667	3.83735265048187e-19	18	First
Candidate mDMR	chrX	26210036	26212209	MAGEB6	Promoter	73.6369398545454	42.7125618432088	30.9243780113366	1.7610549574134e-4	375	First
Candidate mDMR	chrX	121612061	121612989	-	-	68.5703612857143	31.1924560571429	37.3779052285714	0.0180414446327673	259	First
Candidate mDMR	chrX	130837888	130839136	FIRRE	Gene body	75.3756313125	22.6190476375	52.756583675	1.27048509530728e-4	97	First
Candidate pDMR	chr1	1141710	1141817	TNFRSF18	Promoter	18.625372385	51.3464308	-32.721058415	1.89990518319992e-5	11	First
Candidate pDMR	chr1	1959630	1960148	GABRD	Gene body	43.0361291821429	10.6680343464286	32.3680948357143	4.03031899188696e-7	97	First
Candidate pDMR	chr1	3257767	3258323	PRDM16	Gene body	34.40476191	71.81171318	-37.40695127	0.00337741425745731	7	First
Candidate pDMR	chr2	931552	934033	-	-	38.4563121	70.1617826692308	-31.7054705692308	0.0033429391420504	13	First
Candidate pDMR	chr2	10151962	10155185	-	-	34.9034250218331	91.879514937217	-56.9760899153839	1.13973576930076e-46	2	First
Candidate pDMR	chr2	10155917	10156248	-	-	18.746108095	82.993112515000007	-64.24700442	2.48411716767415e-10	1	First
Candidate pDMR	chr10	134930879	134931605	ADGRA1	Gene body	34.6586954444444	68.0875501555556	-33.4288547111111	0.0156717834521964	10	First
Candidate pDMR	chr11	1213814	1216194	MUC5AC	Gene body	42.295226575	74.5792043333333	-32.2839777583334	6.8002037066159e-4	12	First
Candidate pDMR	chr16	89016688	89017561	LOC100129697, CBFA2T3	Gene body	35.03691389	71.22064106	-36.18372717	0.00115281840750041	8	First
Candidate pDMR	chr19	8786745	8788212	-	-	28.373016	69.951923	-41.578907	0.0284492909533019	3	First
Candidate pDMR	chr19	17000630	17000836	F2RL3	Promoter	32.9475507	67.8915203	-34.9439696	0.00233035343283045	9	First
Candidate pDMR	chr20	61981657	61982363	CHRNA4	Gene body	41.9624820909091	80.1863168181818	-38.2238347272727	6.8002037066159e-4	6	First
Candidate pDMR	chr20	62194788	62197046	HELZ2	Gene body	36.7867349609846	76.359592326119	-39.572857365134396	7.03862615016139e-33	4	First
Candidate mDMR	chr1	21755277	21756369	-	-	79.5606019	17.30630295	62.25429895	4.06947754359776e-12	13	Second/Term
Candidate mDMR	chr1	42383126	42384158	HIVEP3	Promoter	66.1756229090909	5.95309683636364	60.2225260727273	2.76669168583298e-16	17	Second/Term
Candidate mDMR	chr1	86575328	86576300	COL24A1	Gene body	79.390716625	44.7644254125	34.6262912125	3.92521265064053e-4	107	Second/Term
Candidate mDMR	chr1	209848214	209849140	G0S2	Promoter	37.4636960086207	5.46787873563218	31.9958172729885	2.09661367137592e-9	131	Second/Term
Candidate mDMR	chr2	1479184	1482103	TPO	Gene body	77.6161050410256	33.7245760820513	43.8915289589744	9.01653716554947e-16	52	Second/Term
Candidate mDMR	chr2	4004370	4005506	LINC01304	Gene body	47.2582405555556	14.4843188833333	32.7739216722222	1.42257178360855e-6	120	Second/Term
Candidate mDMR	chr2	11732753	11733270	GREB1	Gene body	79.9467126597744	45.2669617812031	34.6797508785715	1.86456091834189e-15	105	Second/Term
Candidate mDMR	chr2	30040532	30041955	ALK	Gene body	68.2596469	22.4096177666667	45.8500291333333	6.66053418190345e-4	45	Second/Term
Candidate mDMR	chr2	30981462	30983495	CAPN13	Gene body	69.1299067232384	28.5188414949187	40.6110652283198	1.07796110361765e-6	62	Second/Term
Candidate mDMR	chr2	41034926	41036460	-	-	63.4325763571429	17.4875055428571	45.9450708142857	3.16973833875041e-7	44	Second/Term
Candidate mDMR	chr2	42068262	42068896	-	-	50.2171692666667	15.8515799266667	34.36558934	0.00333627093724877	110	Second/Term
Candidate mDMR	chr2	49142641	49143500	-	-	69.5911791541667	33.8441736666667	35.7470054875	2.67793743458578e-7	96	Second/Term
Candidate mDMR	chr2	70932817	70933726	ADD2	Gene body	66.417236047619	31.4971499	34.920086147619	7.89237255931595e-6	103	Second/Term
Candidate mDMR	chr2	79003519	79007098	-	-	83.7090626666667	43.4617904533333	40.2472722133333	8.95002292647729e-5	65	Second/Term
Candidate mDMR	chr2	81421173	81422314	-	-	74.7640887666667	38.9844593866667	35.77962938	5.5694295076413e-7	95	Second/Term
Candidate mDMR	chr2	106467706	106470072	NCK2	Promoter	87.7164605458333	3.86745141319444	83.8490091326389	8.43849560630065e-17	1	Second/Term
Candidate mDMR	chr2	142581997	142583989	LRP1B	Gene body	73.03304337	42.64473895	30.38830442	1.3963752673379e-4	150	Second/Term
Candidate mDMR	chr2	155433437	155434111	-	-	59.5748794	21.88369962	37.69117978	0.00812071108655811	80	Second/Term
Candidate mDMR	chr2	186353572	186354558	-	-	78.4877364444445	8.97619047777778	69.5115459666667	2.68873525042304e-7	7	Second/Term
Candidate mDMR	chr2	212565622	212566818	ERBB4	Gene body	82.1757503333333	28.7890454166667	53.3867049166667	5.08379319140982e-5	25	Second/Term
Candidate mDMR	chr2	229044673	229047194	SPHKAP	Promoter	56.6069029220061	21.9802420934402	34.6266608285659	2.27267490010634e-25	106	Second/Term
Candidate mDMR	chr2	239072352	239073717	FAM132B	Gene body	79.6814047674419	36.5959318116279	43.085472955814	2.60989810680906e-17	54	Second/Term
Candidate mDMR	chr2	241721112	241722113	KIF1A	Gene body	58.4757278636364	20.1408594136364	38.33486845	2.85204487549566e-10	73	Second/Term
Candidate mDMR	chr2	241986336	241988086	SNED1	Gene body	55.8666122583333	19.242794475	36.6238177833333	6.25878104884792e-4	89	Second/Term
Candidate mDMR	chr3	9177032	9178326	SRGAP3	Gene body	43.4564198421053	5.19270397894737	38.2637158631579	1.10596744547739e-8	75	Second/Term
Candidate mDMR	chr3	21790876	21792603	ZNF385D	Promoter	59.4261106842105	17.5608859578947	41.8652247263158	8.5493858217902e-7	60	Second/Term
Candidate mDMR	chr3	44062690	44064648	-	-	49.8924781388889	13.6205135666667	36.2719645722222	7.56857497162753e-11	90	Second/Term
Candidate mDMR	chr3	65534335	65534828	MAGI1	Gene body	72.3449380217392	37.0538687065217	35.2910693152174	1.02466011899457e-9	101	Second/Term
Candidate mDMR	chr3	113159943	113160816	CFAP44	Promoter	92.5437445833333	31.0278489416667	61.5158956416667	2.86191952764447e-11	14	Second/Term
Candidate mDMR	chr3	175338192	175338847	NAALADL2	Gene body	90.3273573125	41.38007809375	48.94727921875	3.27542826676898e-8	31	Second/Term
Candidate mDMR	chr3	180547699	180548075	LOC101928882	Gene body	83.4624985	51.2202380875	32.2422604125	0.00692410253262955	125	Second/Term
Candidate mDMR	chr4	9054594	9057896	-	-	64.4830837	26.76737259	37.71571111	1.24205853289712e-5	78	Second/Term
Candidate mDMR	chr4	12539348	12539941	-	-	76.80476285	32.8018821875	44.0028806625	0.00109660303499937	50	Second/Term
Candidate mDMR	chr4	22118079	22120089	-	-	77.7426645642857	43.8046121857143	33.9380523785714	0.00162827399565331	112	Second/Term
Candidate mDMR	chr4	24473819	24474193	-	-	59.198821	16.1730028666667	43.0258181333333	5.01415346360764e-5	55	Second/Term
Candidate mDMR	chr4	93225593	93227195	GRID2	Promoter	70.4458924571429	4.50830534	65.9375871171429	1.00007987378344e-36	10	Second/Term
Candidate mDMR	chr4	96759352	96763019	PDHA2	Promoter	76.848118537931	45.7267873862069	31.1213311517241	2.27187648248404e-7	139	Second/Term
Candidate mDMR	chr4	181466058	181467308	-	-	49.5442341210526	5.89814307368421	43.6460910473684	1.0735171357296e-10	53	Second/Term
Candidate mDMR	chr4	187810150	187811167	-	-	84.17119202	53.05676319	31.11442883	6.1829489595196e-13	140	Second/Term
Candidate mDMR	chr4	190783311	190784084	-	-	62.4555340769231	24.7310876461538	37.7244464307692	8.49651871725967e-4	77	Second/Term
Candidate mDMR	chr5	373147	374881	AHRR	Gene body	59.922404124	29.00773498	30.914669144	6.27685882410153e-6	145	Second/Term
Candidate mDMR	chr5	6347723	6349957	-	-	61.53928628	30.100371464	31.438914816	7.315512087092e-6	135	Second/Term
Candidate mDMR	chr5	60038178	60039819	-	-	57.6974461538462	27.1889700769231	30.5084760769231	1.67000755822802e-4	148	Second/Term
Candidate mDMR	chr5	84158853	84160282	-	-	82.5982562857143	35.0584481428571	47.5398081428571	9.85174923319518e-6	38	Second/Term
Candidate mDMR	chr5	133818403	133820137	-	-	61.1131386896552	11.1475263310345	49.9656123586207	1.32354375748237e-20	29	Second/Term
Candidate mDMR	chr5	135103684	135107846	-	-	48.1288531833333	14.42645236	33.7024008233333	8.69308807038943e-6	114	Second/Term
Candidate mDMR	chr5	146606247	146609143	-	-	67.1524845294118	21.7148766235294	45.4376079058824	9.8100172995395e-7	46	Second/Term
Candidate mDMR	chr5	180486345	180486936	BTNL9	Gene body	46.8683079010989	15.772503100728	31.0958048003709	3.81529304124777e-24	141	Second/Term
Candidate mDMR	chr6	77136680	77137389	-	-	74.30714441	9.99053349	64.31661092	1.62934356672432e-15	12	Second/Term
Candidate mDMR	chr6	134436140	134436979	HMGA1P7	Gene body	60.2968383448276	28.2365628827586	32.060275462069	7.46073427325041e-8	129	Second/Term
Candidate mDMR	chr6	169631196	169632746	THBS2	Gene body	75.1434511818182	42.9396505	32.2038006818182	0.0221428509815854	126	Second/Term
Candidate mDMR	chr7	807407	809380	DNAAF5	Gene body	86.60503040912	12.8151806401078	73.7898497690122	4.79686215664761e-31	5	Second/Term
Candidate mDMR	chr7	5122694	5123163	-	-	58.7030248333333	28.0490252222222	30.6539996111111	1.67000755822802e-4	147	Second/Term
Candidate mDMR	chr7	6660940	6662892	ZNF853	Gene body	88.4945143703704	46.1769687518519	42.3175456185185	2.38559094205775e-14	57	Second/Term
Candidate mDMR	chr7	12150290	12152848	-	-	49.7622608052632	12.0489443368421	37.713316468421	3.8901205550983e-8	79	Second/Term
Candidate mDMR	chr7	24323794	24325073	NPY	Promoter	48.2944967708333	6.21668413333333	42.0778126375	2.98928800507024e-54	58	Second/Term
Candidate mDMR	chr7	31375136	31376815	-	-	53.0088802597166	6.47011335151821	46.5387669081984	2.67790911965317e-22	41	Second/Term
Candidate mDMR	chr7	31937394	31939660	PDE1C	Gene body	62.7713233888889	18.7992609666667	43.9720624222222	5.12965495891705e-8	51	Second/Term
Candidate mDMR	chr7	73752862	73753580	CLIP2	Gene body	65.5091232761721	29.5545462792609	35.9545769969112	5.38975142388179e-9	94	Second/Term
Candidate mDMR	chr7	106300617	106303450	CCDC71L	Promoter	68.024521	35.4418616	32.5826594	0.0298748424381288	121	Second/Term
Candidate mDMR	chr7	123003346	123004182	-	-	76.4974938888889	38.9336717555556	37.563822133333296	0.00217957454842816	81	Second/Term
Candidate mDMR	chr7	128555480	128556940	-	-	66.9087934172414	31.6165744827586	35.2922189344828	1.89517959729564e-7	100	Second/Term
Candidate mDMR	chr7	129746868	129749725	KLHDC10	Gene body	81.6015951578947	2.90126658421053	78.7003285736842	2.27267490010634e-25	4	Second/Term
Candidate mDMR	chr7	145069214	145070101	-	-	70.4312152666667	37.55329361	32.8779216566667	4.82814332055351e-11	119	Second/Term
Candidate mDMR	chr7	151327824	151330524	PRKAG2	Promoter	81.518970125	13.26121294375	68.25775718125	1.71287681080929e-18	8	Second/Term
Candidate mDMR	chr7	154086868	154089084	DPP6	Gene body	65.7647190454545	34.6905977363636	31.0741213090909	2.70678074829647e-5	142	Second/Term
Candidate mDMR	chr7	157689758	157691177	PTPRN2	Gene body	71.3011967142857	35.9904289095238	35.3107678047619	1.93391534897668e-5	99	Second/Term
Candidate mDMR	chr7	157702836	157703423	PTPRN2	Gene body	91.0676880350877	57.2046355842105	33.8630524508772	2.71448605062588e-23	113	Second/Term
Candidate mDMR	chr7	158349193	158350237	PTPRN2	Gene body	62.9160685405406	17.9990205108108	44.9170480297297	2.21837993145334e-17	48	Second/Term
Candidate mDMR	chr8	832203	833591	ERICH1-AS1	Gene body	81.5787148636364	38.6028163181818	42.9758985454545	4.35585093801833e-8	56	Second/Term
Candidate mDMR	chr8	1430425	1431666	-	-	71.9796881153846	36.4525162807692	35.5271718346154	6.07846323279577e-5	98	Second/Term
Candidate mDMR	chr8	1439855	1441580	-	-	78.7323780631579	43.9191859421053	34.8131921210526	1.24504349142977e-4	104	Second/Term
Candidate mDMR	chr8	4772594	4773213	CSMD1	Gene body	73.8091379133333	40.4434022666667	33.3657356466667	0.00102208881875903	116	Second/Term
Candidate mDMR	chr8	9492409	9493294	TNKS	Gene body	92.6181372631579	27.7451454368421	64.8729918263158	3.53029840735962e-13	11	Second/Term
Candidate mDMR	chr8	15977277	15978044	MSR1	Gene body	52.8006677166667	3.93518518333333	48.8654825333333	2.91567210965175e-5	32	Second/Term
Candidate mDMR	chr8	21867187	21868714	-	-	87.77574165	30.770775965	57.004965685	5.08227091052031e-7	22	Second/Term
Candidate mDMR	chr8	142215560	142216514	-	-	81.8145344285714	34.584444	47.2300904285714	5.7037548507063e-6	40	Second/Term
Candidate mDMR	chr9	8713419	8714343	PTPRD	Gene body	74.1248495714286	26.4915889357143	47.6332606357143	1.30851590693448e-5	37	Second/Term
Candidate mDMR	chr9	115652657	115653529	SLC46A2	Promoter	42.6536625916667	2.57283160833333	40.0808309833333	1.26404635816933e-24	66	Second/Term
Candidate mDMR	chr10	1367968	1368950	ADARB2	Gene body	37.2012908571429	4.08472478571429	33.1165660714286	5.50020607620633e-4	118	Second/Term
Candidate mDMR	chr10	10336686	10338135	-	-	73.44465494	32.9756282733333	40.4690266666667	1.1727416127166e-5	64	Second/Term
Candidate mDMR	chr10	11934845	11937713	PROSER2-AS1	Promoter	93.354095852459	9.88110222786885	83.4729936245902	5.84930016092748e-70	2	Second/Term
Candidate mDMR	chr10	23214145	23217405	ARMC3	Promoter	63.3264437	26.00469198	37.32175172	0.00565412223776815	83	Second/Term
Candidate mDMR	chr10	27702174	27704762	PTCHD3	Promoter	64.215027275	34.12493450625	30.09009276875	1.51858626513894e-11	151	Second/Term
Candidate mDMR	chr10	56302542	56303256	PCDH15	Gene body	62.5673981263158	31.4182024578947	31.1491956684211	6.57698018943208e-6	138	Second/Term
Candidate mDMR	chr10	65801274	65801697	-	-	52.7704568571429	2.41467895	50.3557779071429	4.97003993909121e-6	28	Second/Term
Candidate mDMR	chr10	135272909	135273890	SCART1	Gene body	61.7782424274194	22.1497361741935	39.6285062532258	5.08862892864315e-15	68	Second/Term
Candidate mDMR	chr11	7110083	7110453	RBMXL2	Promoter	75.696387875	20.540127109375	55.156260765625	1.51727283144593e-17	24	Second/Term
Candidate mDMR	chr11	44882255	44883214	TSPAN18	Gene body	60.8255776285714	29.8296571142857	30.9959205142857	0.00620275852369521	144	Second/Term
Candidate mDMR	chr11	127867403	127869796	-	-	62.6976019444445	30.3879750361111	32.3096269083333	2.43281511660535e-7	123	Second/Term
Candidate mDMR	chr11	132582235	132583094	OPCML	Gene body	67.2184138	30.58730668	36.63110712	1.6870309021597e-5	88	Second/Term
Candidate mDMR	chr11	132587916	132589049	OPCML	Gene body	54.266441275	15.40792925	38.858512025	2.46839204501027e-7	70	Second/Term
Candidate mDMR	chr11	132813062	132815361	OPCML	Promoter	39.6317480689655	7.74308704137931	31.8886610275862	2.97319440744333e-12	132	Second/Term
Candidate mDMR	chr11	133465952	133466436	-	-	58.8396711	20.254066665	38.585604435	3.7097702274933e-8	71	Second/Term
Candidate mDMR	chr12	312726	313546	LOC101929384	Promoter	71.1387630769231	0.591715976923077	70.5470471	2.92507650295395e-19	6	Second/Term
Candidate mDMR	chr12	19989132	19989979	-	-	82.4932880111111	49.0073414888889	33.4859465222222	4.26366576132779e-5	115	Second/Term
Candidate mDMR	chr12	61048153	61049966	-	-	81.1055795340153	30.0024164613811	51.1031630726342	1.24435939403797e-9	27	Second/Term
Candidate mDMR	chr12	63025346	63026741	-	-	74.885203	36.6186549448276	38.2665480551724	2.12323065402237e-19	74	Second/Term
Candidate mDMR	chr12	73451770	73453263	-	-	78.1345331111111	26.1418102555556	51.9927228555556	5.92696905110795e-5	26	Second/Term
Candidate mDMR	chr12	95962335	95964502	-	-	82.8525947142857	15.2480167285714	67.6045779857143	2.17899640183334e-8	9	Second/Term
Candidate mDMR	chr12	103887567	103890311	C12orf42	Promoter	51.3275725777778	10.7804436444444	40.5471289333333	1.20756419568004e-4	63	Second/Term
Candidate mDMR	chr12	111757789	111758660	CUX2	Gene body	59.8531537692308	20.1316167461538	39.7215370230769	1.10750005189022e-4	67	Second/Term
Candidate mDMR	chr12	116042902	116044423	-	-	51.5468323529412	19.4483130352941	32.0985193176471	1.0602838043936e-6	127	Second/Term
Candidate mDMR	chr12	122356056	122357216	WDR66	Promoter	67.2760946086956	7.34831540869565	59.9277792	3.81359454483495e-18	18	Second/Term
Candidate mDMR	chr12	129806162	129806652	TMEM132D	Gene body	69.094265145	37.47843832	31.615826825	8.62356958081091e-6	134	Second/Term
Candidate mDMR	chr12	130059331	130060410	TMEM132D	Gene body	67.1573581052632	33.8684393473684	33.2889187578947	5.70543104111257e-5	117	Second/Term
Candidate mDMR	chr12	130244059	130245665	TMEM132D	Gene body	77.76044095	36.99585379	40.76458716	6.23007065925612e-5	61	Second/Term
Candidate mDMR	chr13	102567731	102571953	FGF14	Promoter	48.7015100555556	17.0808109833333	31.6206990722222	6.6958108974729e-6	133	Second/Term
Candidate mDMR	chr13	109537628	109539466	MYO16	Gene body	79.8732548	42.372937075	37.500317725	1.09670953959321e-6	82	Second/Term
Candidate mDMR	chr13	112690232	112692038	LINC00403	Gene body	71.5253183342105	40.2679609789474	31.2573573552632	1.18583538911166e-7	136	Second/Term
Candidate mDMR	chr13	112996989	112997953	-	-	78.04516675	43.9984110875	34.0467556625	0.00101726447190986	111	Second/Term
Candidate mDMR	chr13	114813075	114814456	RASA3	Gene body	61.1032372545455	30.099877725	31.0033595295455	9.62691766574923e-9	143	Second/Term
Candidate mDMR	chr14	47543093	47543749	MDGA2	Gene body	71.988845875	35.906744325	36.08210155	2.01431970137691e-6	91	Second/Term
Candidate mDMR	chr14	58331334	58332843	SLC35F4	Promoter	49.3446111614065	13.7854310743568	35.5591800870497	1.73807204959785e-21	97	Second/Term
Candidate mDMR	chr14	73394962	73397121	DCAF4	Gene body	43.3845997	7.35078195	36.03381775	1.26650279659202e-19	92	Second/Term
Candidate mDMR	chr14	100140903	100142298	HHIPL1	Gene body	84.57463702	39.66296912	44.9116679	3.78276181895048e-8	49	Second/Term
Candidate mDMR	chr15	33602930	33604602	LOC101928134, RYR3	Promoter	57.5545922582609	15.5996883467826	41.9549039114782	9.58454093197226e-6	59	Second/Term
Candidate mDMR	chr15	40776974	40782706	-	-	79.528895109589	19.2764101424658	60.2524849671233	1.69996315566583e-35	16	Second/Term
Candidate mDMR	chr15	93198061	93201008	FAM174B	Promoter	64.5901007647059	6.22606056470588	58.3640402	1.19996661464163e-16	21	Second/Term
Candidate mDMR	chr16	6069576	6071658	RBFOX1	Promoter	50.7168560625	13.81373239375	36.90312366875	6.77623226320996e-7	84	Second/Term
Candidate mDMR	chr16	6102424	6103608	RBFOX1	Gene body	87.8699883529412	49.6154317823529	38.2545565705882	8.47861227146464e-6	76	Second/Term
Candidate mDMR	chr16	10801862	10802449	-	-	79.1459395166667	30.8643539166667	48.2815856	2.49512831751289e-5	34	Second/Term
Candidate mDMR	chr16	83170481	83172128	CDH13	Gene body	63.8722612390152	32.6796430689394	31.1926181700757	1.83136783542913e-4	137	Second/Term
Candidate mDMR	chr17	63532500	63534695	AXIN2	Gene body	94.4426157882431	59.850089624756	34.5925261634871	2.30125387199746e-20	108	Second/Term
Candidate mDMR	chr17	79095633	79096676	AATK	Gene body	65.3679161733334	17.6893984355555	47.6785177377778	3.78276181895048e-8	36	Second/Term
Candidate mDMR	chr18	3728829	3729708	DLGAP1	Gene body	70.0729832142137	37.6313652325101	32.4416179817037	1.77297963303406e-9	122	Second/Term
Candidate mDMR	chr18	32761643	32763294	-	-	54.4403242014286	23.6233061664285	30.817018035	2.30132470649519e-9	146	Second/Term
Candidate mDMR	chr18	54813475	54815935	BOD1L2	Promoter	70.2375260912262	30.7352744542283	39.5022516369979	8.50483058328935e-13	69	Second/Term
Candidate mDMR	chr18	58066792	58068426	-	-	85.68650794	26.9090909	58.77741704	0.0053613097525299	20	Second/Term
Candidate mDMR	chr18	58329835	58331573	-	-	82.4872639	52.052905052	30.434358848	5.2484666987123e-13	149	Second/Term
Candidate mDMR	chr18	77658919	77659945	KCNG2	Gene body	83.0506867142857	48.6751608238095	34.3755258904762	1.3963752673379e-4	109	Second/Term
Candidate mDMR	chr18	77904435	77907055	PARD6G-AS1	Promoter	84.3556322727273	2.31029447727273	82.0453377954545	3.29866363411478e-35	3	Second/Term
Candidate mDMR	chr19	426924	429912	SHC2	Gene body	73.7020908108108	27.1717165864865	46.5303742243243	2.03735276237874e-11	42	Second/Term
Candidate mDMR	chr19	5231078	5232133	PTPRS	Gene body	68.1900459413043	31.5423026	36.6477433413043	1.31551049566988e-7	86	Second/Term
Candidate mDMR	chr19	10023515	10025153	OLFM2	Promoter	42.8272405617647	4.34917839926471	38.4780621625	2.68707371922504e-17	72	Second/Term
Candidate mDMR	chr19	17607724	17608679	SLC27A1	Gene body	84.36445185	23.6112958	60.75315605	3.99760898143305e-11	15	Second/Term
Candidate mDMR	chr19	36756493	36758582	-	-	84.01860675	24.5692402821429	59.4493664678571	1.20201903431853e-22	19	Second/Term
Candidate mDMR	chr19	40719064	40720318	MAP3K10	Gene body	74.3572717307692	42.3015794576923	32.0556922730769	4.96348711962312e-5	130	Second/Term
Candidate mDMR	chr19	43909905	43910749	TEX101	Gene body	65.1000194736842	30.1772364947368	34.9227829789474	1.97423749419379e-5	102	Second/Term
Candidate mDMR	chr19	58907859	58908686	RNF225	Promoter	58.4296749411765	8.94194041176471	49.4877345294118	8.49390717070961e-8	30	Second/Term
Candidate mDMR	chr20	12838599	12840072	-	-	76.697104975	20.9443681375	55.7527368375	0.00122353097805906	23	Second/Term
Candidate mDMR	chr20	32254685	32255835	ACTL10	Promoter	49.5270220178571	1.16718373035714	48.3598382875	7.41457943332757e-51	33	Second/Term
Candidate mDMR	chr20	39945503	39948031	-	-	54.2035823892857	6.33713458809524	47.8664478011905	2.11956081193495e-7	35	Second/Term
Candidate mDMR	chr20	53535189	53536637	-	-	71.2021047	23.9426531677778	47.2594515322223	3.78276181895048e-8	39	Second/Term
Candidate mDMR	chr20	54747272	54749261	-	-	72.5695712222222	36.5565998111111	36.0129714111111	0.00755169703216986	93	Second/Term
Candidate mDMR	chr20	62119226	62120908	EEF1A2	Gene body	70.1134649411765	24.0210821176471	46.0923828235294	1.46352211143585e-6	43	Second/Term
Candidate mDMR	chr21	47287059	47288844	PCBP3	Gene body	55.9089546617647	23.8232333058824	32.0857213558823	4.77372116123395e-20	128	Second/Term
Candidate mDMR	chrX	14324566	14325332	-	-	88.5311447833333	51.6666666666667	36.8644781166667	0.0472373307699241	85	Second/Term
Candidate mDMR	chrX	25029220	25031321	ARX	Gene body	34.5035638529412	72.7790460941176	-38.2754822411765	8.01860366920303e-12	448	Second/Term
Candidate mDMR	chrX	93969388	93970468	-	-	82.0170891	37.04283038	44.97425872	0.0149969601506593	47	Second/Term
Candidate mDMR	chrX	117766151	117768464	DOCK11	Gene body	45.9156152222222	86.7588178777778	-40.8432026555556	0.00621188048531453	449	Second/Term
Candidate pDMR	chr2	10151962	10155185	-	-	16.4969797333333	52.6659451555556	-36.1689654222222	0.0205648684153686	1	Second/Term
